DATE/TIME,Date Analyzed,LOCCODE,ST/GRB,Alk,NH3,TSS,Nitrate,Nitrite,NN,,TP,Turbidity,DIP,TIP,TN,OrgN,TOC,COD,Cl,TKN
12/8/2011,,HN3,GRB,28.4,0.96,64,,,0.14,,0.42,,,,1.1,.,<MQL,21,62,3.7
1/19/2012,,HN3,GRB,49.0,1.19,24,,,<MQL,,0.36,,,,.,1.15,0.04,25,68,2.6
1/28/2012,,HN3,GRB,38.0,0.98,20,,,<MQL,,0.43,,,,.,.,<MQL,23,71,3.1
2/20/2012,,HN3,GRB,45.8,0.78,33,,,0.02,,0.47,,,,0.8,.,<MQL,18,81,7.3
5/16/2012,,HN3,GRB,219,.,14,,,6.94,,0.13,,,,.,.,0.88,11,28,8.6
6/6/2012,,HN3,GRB,180,3.47,63,,,0.05,,0.95,,,,3.52,2.42,1.05,22,87,8.4
7/8/2012,,HN3,GRB,248,3.95,224,,,<MQL,,1.20,,,,.,3.86,0.09,13,66,6.8
12/12/2012,,HN3,GRB,48.9,1.41,16,,,2.61,,0.53,,,,4.02,.,<MQL,16,99,18.2
2/4/2013,,HN3,GRB,39.5,1.30,10,,,0.19,,0.24,,,,1.49,.,<MQL,20,46,2.7
2/18/2013,,HN3,GRB,42.5,4.83,40,,,0.04,,0.32,,,,4.87,4.72,0.11,18,51,3.2
2/18/2013,,HN3,GRB,.,15.0,.,,,0.14,,1.01,,,,15.14,14.86,0.14,16,27,.
4/8/2013,,HN3,GRB,46.4,1.77,56,,,0.03,,0.56,,,,1.8,1.32,0.45,20,37,22.7
7/15/2013,,HN3,GRB,295,2.55,40,,,0.04,,0.39,,,,2.59,2.46,0.09,20,18,6.5
1/16/2014,,HN3,GRB,40.4,1.10,10,,,0.04,,0.38,,,,1.14,0.93,0.17,18,42,6.5
3/11/2014,,HN3,GRB,75.9,2.50,104,,,0.14,,0.58,,,,2.64,1.76,0.74,19,34,5.9
3/31/2014,,HN3,GRB,59.7,3.32,108,,,1.13,,0.67,,,,4.45,1.57,1.75,24,37,28.2
6/25/2014,,HN3,GRB,47.0,12.7,457,,,2.23,,0.56,,,,,,3.14,18,30,13.4
8/12/2014,,HN3,GRB,56.6,1.33,36,,,1.75,,0.35,,,,,,0.16,15,29,8.4
10/16/2014,,HN3,GRB,46.0,0.79,21,,,0.44,,0.39,,,,,,0.06,13,28,12.8
12/7/2014,,HN3,GRB,33.8,1.47,71,,,1.74,,1.14,,,,,,0.12,11,26,14.5
1/14/2015,,HN3,GRB,40.9,1.47,78,,,0.48,,0.61,,,,,,0.41,19,34,21.3
12/1/2010,12/3/2010,HN3,GRB,,0.155,100,0.746,0.016,0.762,0.50537985,0.997717639,356,1.55,3.06,,,,,,
1/19/2011,1/20/2011,HN3,GRB,,0.006,148,3.31,0.00485,3.31485,0.069122921,0.306488425,114,0.212,0.94,,,,,,
1/26/2011,1/27/2011,HN3,GRB,,0.031,118,1.04,0.00818,1.04818,0.147049234,0.590153244,249,0.451,1.81,,,,,,
2/16/2011,2/17/2011,HN3,GRB,,0.018,72,0.0696,0,0.0696,0.039126182,0.32050864,128,0.12,0.983,,,,,,
3/2/2011,3/3/2011,HN3,GRB,,1.39,180,0.45636,0.00864,0.465,0.042386697,0.554287577,334,0.13,1.7,,,,,,
3/7/2011,3/8/2011,HN3,GRB,,0.127,62,0.31931,0.00969,0.329,0.042386697,0.312357352,114,0.13,0.958,,,,,,
3/15/2011,3/16/2011,HN3,GRB,,0.274,73.33,0.1195,0.0055,0.125,0.123899576,0.316922074,123,0.38,0.972,,,,,,
3/30/2011,3/31/2011,HN3,GRB,,1.68,240,3.36214,0.00786,3.37,0.273883274,0.577111184,316,0.84,1.77,,,,,,
4/20/2011,4/21/2011,HN3,GRB,,1.11,500,3.313,0.167,3.48,0.277143789,0.860776003,559,0.85,2.64,,,,,,
4/25/2011,4/26/2011,HN3,GRB,,0.343,0,0.3084,0.0206,0.329,0.39778285,0.485816759,114,1.22,1.49,,,,,,
6/21/2011,6/22/2011,HN3,GRB,,0.07,50,0.00484,0.00202,0.00686,0.39778285,0.974894033,90.1,1.22,2.99,,,,,,
9/27/2011,9/28/2011,HN3,GRB,,0,75,0.04918,0.00596,0.05514,0.160091294,0.534724486,30.4,0.491,1.64,,,,,,
12/8/2011,,HN4,GRB,33.3,0.73,9,,,0.18,,0.41,,,,0.91,.,<MQL,18,64,3.8
1/19/2012,,HN4,GRB,52.7,1.07,70,,,<MQL,,0.32,,,,.,.,<MQL,23,64,3.2
1/28/2012,,HN4,GRB,40.5,0.94,35,,,<MQL,,0.45,,,,.,0.87,0.07,22,68,4.2
2/20/2012,,HN4,GRB,43.1,0.62,93,,,0.02,,0.54,,,,0.64,.,<MQL,14,82,10.4
5/16/2012,,HN4,GRB,221,1.97,14,,,0.46,,0.18,,,,2.43,1.38,0.59,11,31,7.4
6/6/2012,,HN4,GRB,139,1.81,31,,,<MQL,,0.32,,,,.,1.65,0.16,18,61,5.1
7/8/2012,,HN4,GRB,290,9.75,83,,,<MQL,,1.46,,,,.,.,<MQL,15,66,7.6
8/8/2012,,HN4,GRB,277,0.75,5,,,<MQL,,0.33,,,,.,.,<MQL,13,48,7.3
12/12/2012,,HN4,GRB,57.8,1.37,38,,,3.03,,0.66,,,,4.4,.,<MQL,18,50,17.7
2/4/2013,,HN4,GRB,42.9,1.03,5,,,<MQL,,0.20,,,,.,.,<MQL,18,43,3.4
2/18/2013,,HN4,GRB,49.6,21.4,8,,,0.14,,0.18,,,,21.54,21.29,0.11,25,45,6.2
2/18/2013,,HN4,GRB,24.5,18.0,1090,,,0.25,,1.08,,,,18.25,17.71,0.29,15,20,6.4
4/8/2013,,HN4,GRB,46.8,2.11,28,,,0.03,,0.60,,,,2.14,1.62,0.49,17,35,27.5
7/15/2013,,HN4,GRB,254,1.24,7,,,<MQL,,0.29,,,,.,.,<MQL,16,24,5.5
1/16/2014,,HN4,GRB,46.2,1.61,48,,,0.11,,0.60,,,,1.72,1.54,0.07,13,58,8.0
3/11/2014,,HN4,GRB,78.1,3.14,155,,,0.13,,0.58,,,,3.27,2.20,0.94,22,27,8.9
3/31/2014,,HN4,GRB,53.8,4.00,52,,,2.50,,0.41,,,,6.5,1.58,2.42,18,32,31.5
6/25/2014,,HN4,GRB,46.5,11.5,91,,,2.19,,0.54,,,,,,2.54,17,23,13.8
8/12/2014,,HN4,GRB,50.4,1.27,26,,,2.05,,0.40,,,,,,0.22,11,29,8.2
10/16/2014,,HN4,GRB,56.6,0.73,34,,,0.21,,0.41,,,,,,0.07,11,26,13.0
12/7/2014,,HN4,GRB,31.9,0.53,92,,,2.11,,1.04,,,,,,0.15,10,23,14.5
1/14/2015,,HN4,GRB,32.5,0.81,42,,,0.61,,0.52,,,,,,0.22,12,33,26.8
12/1/2010,12/3/2010,HN4,GRB,,0.09,100,0.706,0.021,0.727,0.528203456,0.987936094,262,1.62,3.03,,,,,,
1/19/2011,1/20/2011,HN4,GRB,,0,46,3.88,0.00507,3.88507,0.150961852,0.317248125,107,0.463,0.973,,,,,,
1/26/2011,1/27/2011,HN4,GRB,,0.051,134,1.07,0.0121,1.0821,0.221388979,0.671666123,250,0.679,2.06,,,,,,
2/16/2011,2/17/2011,HN4,GRB,,0.082,82,0.176,0,0.176,0.061949788,0.443430062,186,0.19,1.36,,,,,,
3/2/2011,3/3/2011,HN4,GRB,,2.16,630,1.1063,0.0537,1.16,0.048907727,1.30746658,1546,0.15,4.01,,,,,,
3/7/2011,3/8/2011,HN4,GRB,,0.278,215,0.822,0.058,0.88,0.058689273,0.200521682,573,0.18,0.615,,,,,,
3/15/2011,3/16/2011,HN4,GRB,,0.231,100,0.32653,0.00647,0.333,0.166286273,0.266384089,139,0.51,0.817,,,,,,
3/30/2011,3/31/2011,HN4,GRB,,2.41,364,4.4278,0.0222,4.45,0.270622758,0.792305184,384,0.83,2.43,,,,,,
4/20/2011,4/21/2011,HN4,GRB,,1.43,500,2.97,0.22,3.19,0.358656668,1.180306488,759,1.1,3.62,,,,,,
4/25/2011,4/26/2011,HN4,GRB,,0.361,70,1.0078,0.0322,1.04,0.345614607,0.443430062,94.3,1.06,1.36,,,,,,
3/15/2011,3/16/2011,HN4,GRB FD,,0.311,126.67,0.34878,0.00122,0.35,0.09455494,0.443430062,180,0.29,1.36,,,,,,
4/20/2011,4/21/2011,HN4,GRB FD,,1.61,500,0.005,0.222,0.227,0.30322791,1.186827519,608,0.93,3.64,,,,,,
12/8/2011,,HN5,GRB,37.0,0.76,13,,,0.20,,0.38,,,,0.96,.,<MQL,15,59,5.0
1/19/2012,,HN5,GRB,56.1,1.10,32,,,0.06,,0.30,,,,1.16,.,<MQL,22,59,3.4
1/28/2012,,HN5,GRB,44.2,0.91,44,,,<MQL,,0.41,,,,.,0.85,0.06,19,53,5.8
2/20/2012,,HN5,GRB,42.7,0.62,98,,,0.03,,0.48,,,,0.65,.,<MQL,13,79,12.2
5/16/2012,,HN5,GRB,188,1.49,9,,,0.79,,0.12,,,,2.28,1.19,0.30,11,26,7.4
6/6/2012,,HN5,GRB,129,1.77,30,,,0.02,,0.31,,,,1.79,1.44,0.33,19,48,5.7
7/8/2012,,HN5,GRB,277,1.25,133,,,<MQL,,0.46,,,,.,.,<MQL,12,32,7.9
8/8/2012,,HN5,GRB,284,0.71,4,,,<MQL,,0.40,,,,.,.,<MQL,12,24,6.6
12/12/2012,,HN5,GRB,36.2,0.93,26,,,0.79,,0.38,,,,1.72,.,<MQL,17,51,23.9
2/4/2013,,HN5,GRB,46.2,1.17,7,,,<MQL,,0.17,,,,.,.,<MQL,18,39,2.1
2/18/2013,,HN5,GRB,47.2,0.93,10,,,<MQL,,0.17,,,,.,.,<MQL,17,38,5.8
2/18/2013,,HN5,GRB,14.7,9.68,392,,,0.49,,0.53,,,,10.17,9.53,0.15,9,17,6.2
4/8/2013,,HN5,GRB,53.7,1.34,6,,,0.03,,0.16,,,,1.37,1.29,0.05,15,28,28.8
7/15/2013,,HN5,GRB,241,1.03,<MQL,,,<MQL,,0.15,,,,.,.,<MQL,16,18,5.9
1/16/2014,,HN5,GRB,53.4,1.44,18,,,0.17,,0.43,,,,1.61,.,<MQL,17,39,8.1
3/11/2014,,HN5,GRB,45.1,2.87,25,,,1.38,,0.46,,,,4.25,2.20,0.67,17,41,8.3
3/31/2014,,HN5,GRB,35.6,9.56,98,,,9.52,,0.28,,,,19.08,6.04,3.52,12,23,51.1
6/25/2014,,HN5,GRB,29.8,3.19,91,,,3.62,,0.19,,,,,,1.44,13,20,14.0
8/12/2014,,HN5,GRB,31.9,1.23,57,,,1.21,,0.34,,,,,,0.18,11,28,7.0
10/16/2014,,HN5,GRB,47.0,1.19,28,,,0.36,,0.67,,,,,,0.09,13,26,13.4
11/12/2014,,HN5,GRB,41.8,1.17,18,,,1.07,,0.40,,,,,,0.19,18,38,21.8
11/12/2014,,HN5,GRB,41.8,1.17,18,,,1.07,,0.40,,,,,,0.19,18,38,21.8
12/7/2014,,HN5,GRB,28.2,0.50,96,,,1.90,,1.08,,,,,,0.26,10,24,12.8
1/14/2015,,HN5,GRB,30.1,0.76,59,,,0.16,,0.56,,,,,,0.33,10,29,8.8
1/19/2011,1/20/2011,HN5,GRB,,0.009,66,4.66,0.00874,4.66874,0.159765243,0.316922074,75.1,0.49,0.972,,,,,,
1/26/2011,1/27/2011,HN5,GRB,,0.063,132,1.26,0.0152,1.2752,0.209651125,0.648842517,250,0.643,1.99,,,,,,
2/16/2011,2/17/2011,HN5,GRB,,0.065,114,0.386,0.011,0.397,0.068470818,0.08379524,170,0.21,0.257,,,,,,
3/2/2011,3/3/2011,HN5,GRB,,2.94,1040,1.26474,0.00526,1.27,0.091294425,1.32050864,1936,0.28,4.05,,,,,,
3/7/2011,3/8/2011,HN5,GRB,,0.362,345,0.842,0.398,1.24,0.065210303,0.551027062,468,0.2,1.69,,,,,,
3/15/2011,3/16/2011,HN5,GRB,,0.174,113.33,0.67465,0.00435,0.679,0.097815455,0.035539615,138,0.3,0.109,,,,,,
3/30/2011,3/31/2011,HN5,GRB,,2.11,372,3.8935,0.0265,3.92,0.260841213,0.877078578,411.2,0.8,2.69,,,,,,
4/20/2011,4/21/2011,HN5,GRB,,0.335,500,6.421,0.269,6.69,0.280404304,0.864036518,497,0.86,2.65,,,,,,
4/25/2011,4/26/2011,HN5,GRB,,0.087,0,1.8158,0.0342,1.85,0.270622758,0.358656668,87.9,0.83,1.1,,,,,,
2/16/2011,2/17/2011,HN5,GRB FD,,0.069,116,0.151,0.00964,0.16064,0.061949788,0.453211607,191,0.19,1.39,,,,,,
3/2/2011,3/3/2011,HN5,GRB FD,,2.99,1120,1.3447,0.0553,1.4,0.055428758,3.221388979,1826,0.17,9.88,,,,,,
4/25/2011,4/26/2011,HN5,GRB FD,,0.082,40,1.9606,0.0394,2,0.231496576,0.361917183,88.7,0.71,1.11,,,,,,
12/8/2011,,HN6,GRB,27.4,0.97,6,,,0.11,,0.36,,,,1.08,.,<MQL,22,78,3.2
1/19/2012,,HN6,GRB,46.3,1.08,17,,,<MQL,,0.30,,,,.,1.04,0.04,27,66,2.4
1/28/2012,,HN6,GRB,37.8,0.94,18,,,<MQL,,0.44,,,,.,.,<MQL,24,71,3.1
2/20/2012,,HN6,GRB,44.3,0.73,44,,,<MQL,,0.45,,,,.,.,<MQL,17,76,6.7
5/16/2012,,HN6,GRB,203,.,30,,,9.60,,0.09,,,,.,.,0.71,24,29,9.3
6/6/2012,,HN6,GRB,159,1.57,54,,,<MQL,,0.51,,,,.,1.32,0.25,22,58,6.9
7/8/2012,,HN6,GRB,299,1.07,134,,,<MQL,,1.22,,,,.,1.03,0.04,13,85,6.7
12/12/2012,,HN6,GRB,52.7,1.06,19,,,2.39,,0.44,,,,3.45,.,<MQL,16,45,17.3
2/4/2013,,HN6,GRB,40.0,1.28,<MQL,,,<MQL,,0.23,,,,.,.,<MQL,20,44,2.7
2/18/2013,,HN6,GRB,45.1,1.78,10,,,0.02,,0.19,,,,1.8,1.71,0.07,17,47,9.7
2/18/2013,,HN6,GRB,.,10.0,.,,,0.19,,0.92,,,,10.19,9.90,0.10,13,23,.
4/8/2013,,HN6,GRB,50.1,1.49,17,,,<MQL,,0.55,,,,.,1.30,0.19,21,37,17.9
7/15/2013,,HN6,GRB,266,1.25,13,,,0.08,,0.21,,,,1.33,1.12,0.13,16,23,6.0
1/16/2014,,HN6,GRB,57.4,1.39,24,,,0.04,,0.42,,,,1.43,1.23,0.16,14,31,6.2
3/31/2014,,HN6,GRB,61.4,2.76,122,,,0.53,,0.67,,,,3.29,0.07,2.69,18,34,23.4
5/29/2014,,HN6,GRB,25.5,1.52,52,,,5.99,,0.41,,,,,,0.24,14,30,29.1
6/25/2014,,HN6,GRB,45.7,11.9,158,,,1.81,,0.50,,,,,,2.77,17,56,13.2
8/12/2014,,HN6,GRB,57.6,1.37,51,,,1.65,,0.35,,,,,,0.15,14,30,8.5
10/16/2014,,HN6,GRB,49.2,0.95,196,,,0.24,,0.48,,,,,,0.05,11,23,13.8
12/7/2014,,HN6,GRB,34.4,0.36,110,,,1.45,,0.87,,,,,,0.06,11,26,15.0
1/14/2015,,HN6,GRB,38.9,0.88,52,,,0.37,,0.42,,,,,,0.15,16,40,16.4
1/19/2011,1/20/2011,HN6,GRB,,0.018,156,3.66,0.00524,3.66524,0.071405282,0.285295077,115,0.219,0.875,,,,,,
1/26/2011,1/27/2011,HN6,GRB,,0.042,144,0.942,0.0104,0.9524,0.142158461,0.645582002,254,0.436,1.98,,,,,,
2/16/2011,2/17/2011,HN6,GRB,,0.025,134,0.0603,0,0.0603,0.068470818,0.024127812,160,0.21,0.074,,,,,,
3/2/2011,3/3/2011,HN6,GRB,,1.38,210,0.63925,0.00675,0.646,0.055428758,0.577111184,352,0.17,1.77,,,,,,
3/7/2011,3/8/2011,HN6,GRB,,0.154,82,0.37966,0.00834,0.388,0,0,103,0.12,0,,,,,,
3/15/2011,3/16/2011,HN6,GRB,,0.182,86.67,0.096,0,0.096,0.176067819,0.309422889,140,0.54,0.949,,,,,,
3/30/2011,3/31/2011,HN6,GRB,,1.67,252,3.1271,0.0129,3.14,0.254320183,1.147701337,327,0.78,3.52,,,,,,
4/20/2011,4/21/2011,HN6,GRB,,1.12,1000,0,0.0908,0.0539,0.270622758,0.864036518,629,0.83,2.65,,,,,,
4/25/2011,4/26/2011,HN6,GRB,,0.455,50,0.2468,0.0112,0.258,0.40430388,0.449951092,97.4,1.24,1.38,,,,,,
1/26/2011,1/27/2011,HN6,GRB FD,,0.037,150,0.799,0.00871,0.80771,0.143462667,0.642321487,258,0.44,1.97,,,,,,
11/28/2012,,HNO,GRB,103,2.08,44,,,<MQL,,0.22,,,,.,2.04,0.04,20,45,8.8
12/12/2012,,HNO,GRB,79.4,0.74,97,,,0.19,,0.31,,,,0.93,.,<MQL,16,42,12.9
2/4/2013,,HNO,GRB,59.7,1.66,44,,,0.29,,0.34,,,,1.95,1.47,0.19,8,11,13.6
2/18/2013,,HNO,GRB,58.0,1.57,38,,,0.36,,0.24,,,,1.93,1.52,0.05,8,12,8.4
4/8/2013,,HNO,GRB,35.6,1.17,38,,,0.42,,0.22,,,,1.59,.,<MQL,10,11,3.7
6/5/2013,,HNO,GRB,46.1,0.88,20,,,0.02,,0.07,,,,0.9,.,<MQL,6,<MQL,3.8
6/25/2013,,HNO,GRB,58.8,0.83,43,,,0.11,,0.06,,,,0.94,0.77,0.06,7,10,10.0
7/15/2013,,HNO,GRB,77.1,1.01,21,,,<MQL,,0.10,,,,.,.,<MQL,10,<MQL,4.5
8/5/2013,,HNO,GRB,83.9,0.95,28,,,<MQL,,0.11,,,,.,.,<MQL,14,<MQL,6.4
8/28/2013,,HNO,GRB,100,1.67,130,,,<MQL,,0.25,,,,.,.,<MQL,17,33,11.5
9/18/2013,,HNO,GRB,21.9,1.96,128,,,<MQL,,0.24,,,,.,.,<MQL,36,51,6.6
1/16/2014,,HNO,GRB,68.2,1.61,54,,,0.11,,0.28,,,,1.72,1.56,0.05,14,28,5.0
3/11/2014,,HNO,GRB,43.6,1.48,53,,,0.26,,0.24,,,,1.74,1.42,0.06,13,14,5.7
3/31/2014,,HNO,GRB,56.6,2.11,35,,,0.46,,0.27,,,,2.57,-0.55,2.66,12,13,6.0
12/8/2011,,HNSTA,GRB,37.7,0.65,14,,,0.26,,0.37,,,,0.91,.,<MQL,14,42,4.9
1/19/2012,,HNSTA,GRB,65.2,0.98,24,,,<MQL,,0.26,,,,.,.,<MQL,23,56,3.4
1/28/2012,,HNSTA,GRB,48.0,0.78,33,,,<MQL,,0.39,,,,.,0.74,0.04,17,58,6.1
2/20/2012,,HNSTA,GRB,49.0,0.81,81,,,0.08,,0.45,,,,0.89,.,<MQL,12,88,9.8
5/16/2012,,HNSTA,GRB,185,1.65,24,,,0.68,,0.24,,,,2.33,1.41,0.24,13,28,11.5
6/6/2012,,HNSTA,GRB,133,1.77,6,,,1.27,,0.24,,,,3.04,1.36,0.41,22,40,7.7
7/8/2012,,HNSTA,GRB,162,1.77,1550,,,1.04,,0.95,,,,2.81,1.09,0.68,10,12,9.6
8/8/2012,,HNSTA,GRB,274,0.80,7,,,<MQL,,0.39,,,,.,.,<MQL,13,31,6.9
9/4/2012,,HNSTA,GRB,161,1.59,16,,,<MQL,,0.48,,,,.,1.47,0.12,17,41,9.5
12/12/2012,,HNSTA,GRB,37.4,1.63,31,,,1.08,,0.40,,,,2.71,.,<MQL,15,53,25.0
2/4/2013,,HNSTA,GRB,44.4,1.57,78,,,0.13,,0.35,,,,1.7,1.42,0.15,12,29,2.1
2/18/2013,,HNSTA,GRB,51.3,1.07,18,,,0.07,,0.22,,,,1.14,.,<MQL,14,30,6.2
2/18/2013,,HNSTA,GRB,16.7,17.5,1560,,,0.32,,1.14,,,,17.82,17.17,0.33,13,14,6.4
4/8/2013,,HNSTA,GRB,30.2,1.48,47,,,0.82,,0.28,,,,2.3,1.36,0.12,13,25,5.0
7/15/2013,,HNSTA,GRB,255,0.77,49,,,<MQL,,0.19,,,,.,.,<MQL,14,16,6.1
9/18/2013,,HNSTA,GRB,275,0.93,16,,,<MQL,,0.15,,,,.,.,<MQL,22,47,8.0
1/16/2014,,HNSTA,GRB,50.5,1.33,34,,,0.18,,0.43,,,,1.51,.,<MQL,16,40,7.5
3/11/2014,,HNSTA,GRB,64.0,3.74,228,,,2.28,,1.03,,,,6.02,3.10,0.64,14,18,15.9
3/31/2014,,HNSTA,GRB,50.0,3.92,186,,,3.38,,0.56,,,,7.3,2.42,1.50,19,27,14.8
6/25/2014,,HNSTA,GRB,34.7,3.58,77,,,3.72,,0.17,,,,,,1.14,13,23,13.7
7/28/2014,,HNSTA,GRB,61.3,0.87,68,,,0.03,,0.28,,,,,,0.07,10,14,8.4
8/12/2014,,HNSTA,GRB,27.4,0.66,74,,,1.11,,0.35,,,,,,0.11,7,20,6.3
8/19/2014,,HNSTA,GRB,25.4,2.23,84,,,2.23,,0.34,,,,,,1.05,8,17,9.6
10/16/2014,,HNSTA,GRB,50.5,0.68,28,,,0.07,,0.60,,,,,,0.06,12,27,11.4
11/12/2014,,HNSTA,GRB,58.4,1.04,20,,,0.99,,0.52,,,,,,0.17,16,38,20.4
11/18/2014,,HNSTA,GRB,32.9,2.65,78,,,1.65,,2.25,,,,,,1.28,15,35,18.5
12/7/2014,,HNSTA,GRB,33.6,2.08,163,,,1.04,,1.10,,,,,,0.21,13,27,9.3
1/14/2015,,HNSTA,GRB,36.9,0.72,74,,,0.32,,0.48,,,,,,0.18,9,22,20.2
11/28/2012,,HNT,GRB,71.1,1.60,36,,,1.57,,0.50,,,,3.17,1.47,0.13,19,36,20.5
12/12/2012,,HNT,GRB,54.3,0.87,115,,,0.65,,0.73,,,,1.52,.,<MQL,17,42,16.8
2/4/2013,,HNT,GRB,37.8,1.96,108,,,0.20,,0.55,,,,2.16,1.44,0.52,9,16,19.3
2/18/2013,,HNT,GRB,74.6,1.46,93,,,0.16,,0.49,,,,1.62,1.37,0.09,10,27,6.6
4/8/2013,,HNT,GRB,40.7,1.10,57,,,0.84,,0.25,,,,1.94,0.97,0.13,14,24,3.9
6/5/2013,,HNT,GRB,67.5,8.46,336,,,0.05,,1.34,,,,8.51,3.04,5.42,17,19,10.7
6/25/2013,,HNT,GRB,181,1.84,28,,,4.28,,0.08,,,,6.12,1.51,0.33,21,18,6.2
7/15/2013,,HNT,GRB,159,1.94,57,,,<MQL,,0.32,,,,.,.,<MQL,14,22,6.1
8/5/2013,,HNT,GRB,154,1.76,42,,,1.96,,0.16,,,,3.72,1.60,0.16,24,19,6.9
8/28/2013,,HNT,GRB,194,1.70,71,,,<MQL,,0.30,,,,.,.,<MQL,22,18,10.3
9/18/2013,,HNT,GRB,283,1.77,132,,,<MQL,,0.41,,,,.,.,<MQL,18,28,6.4
1/16/2014,,HNT,GRB,54.8,1.80,70,,,0.22,,0.51,,,,2.02,1.62,0.18,11,31,5.3
3/11/2014,,HNT,GRB,37.8,3.37,95,,,2.45,,0.67,,,,5.82,2.62,0.75,13,23,12.5
3/31/2014,,HNT,GRB,48.6,10.4,249,,,3.87,,0.71,,,,14.27,.,<MQL,17,24,17.1
12/8/2011,,HS1,GRB,24.8,0.49,43,,,0.16,,0.43,,,,0.65,0.44,0.05,8,72,6.9
1/19/2012,,HS1,GRB,52.9,1.12,76,,,0.03,,0.60,,,,1.15,0.60,0.52,16,23,3.6
1/28/2012,,HS1,GRB,41.9,0.54,62,,,<MQL,,0.43,,,,.,0.45,0.09,11,35,4.4
2/20/2012,,HS1,GRB,38.7,1.13,150,,,0.04,,0.53,,,,1.17,0.62,0.51,12,66,5.7
7/8/2012,,HS1,GRB,212,2.12,1760,,,<MQL,,1.92,,,,.,1.83,0.29,22,136,9.5
8/8/2012,,HS1,GRB,245,0.28,79,,,0.08,,0.16,,,,0.36,0.22,0.06,6,16,15.5
11/28/2012,,HS1,GRB,57.4,1.65,76,,,<MQL,,0.46,,,,.,1.57,0.08,17,27,11.2
12/12/2012,,HS1,GRB,35.0,1.17,300,,,1.29,,0.53,,,,2.46,1.08,0.09,13,42,35.5
2/4/2013,,HS1,GRB,35.3,1.47,41,,,0.02,,0.50,,,,1.49,1.29,0.18,13,22,17.3
2/18/2013,,HS1,GRB,46.4,1.81,93,,,0.02,,0.70,,,,1.83,1.59,0.22,11,24,9.2
2/18/2013,,HS1,GRB,.,7.65,.,,,0.35,,2.08,,,,8,.,<MQL,8,24,.
4/8/2013,,HS1,GRB,40.1,1.46,68,,,<MQL,,0.70,,,,.,1.33,0.13,15,27,1.2
7/15/2013,,HS1,GRB,196,1.70,47,,,0.03,,0.34,,,,1.73,.,<MQL,18,28,7.4
8/5/2013,,HS1,GRB,241,1.09,11,,,0.04,,0.16,,,,1.13,.,<MQL,24,20,9.3
9/18/2013,,HS1,GRB,273,2.21,60,,,<MQL,,0.39,,,,.,.,<MQL,40,59,7.1
1/16/2014,,HS1,GRB,45.6,1.16,12,,,0.03,,0.42,,,,1.19,.,<MQL,14,19,4.0
3/11/2014,,HS1,GRB,29.8,1.38,61,,,0.03,,0.52,,,,1.41,.,<MQL,11,17,3.7
3/31/2014,,HS1,GRB,36.8,1.36,12,,,1.20,,0.15,,,,2.56,1.29,0.07,17,37,2.1
6/25/2014,,HS1,GRB,53.7,1.48,63,,,<MQL,,0.73,,,,,,0.04,33,74,13.3
8/12/2014,,HS1,GRB,27.7,1.29,124,,,0.26,,0.49,,,,,,0.14,8,16,6.8
10/16/2014,,HS1,GRB,30.1,0.71,141,,,0.05,,0.33,,,,,,0.15,12,24,13.0
11/12/2014,,HS1,GRB,48.9,0.88,41,,,0.27,,0.19,,,,,,0.12,16,49,11.4
12/7/2014,,HS1,GRB,36.4,0.37,28,,,0.04,,0.29,,,,,,0.09,17,34,9.5
1/14/2015,,HS1,GRB,27.7,0.67,22,,,0.04,,0.32,,,,,,0.19,10,25,11.3
2/18/2015,,HS1,GRB,25.9,0.62,36,,,<MQL,,0.22,,,,,,<MQL,12,44,16.9
11/4/2010,11/5/2010,HS1,GRB,,0.103,0,26.48,0.066,26.546,0.14835344,0.218454516,10.4,0.455,0.67,,,,,,
12/1/2010,12/3/2010,HS1,GRB,,0.119,200,2.55,0.046,2.596,0.200521682,0.557548093,361,0.615,1.71,,,,,,
12/9/2010,12/10/2010,HS1,GRB,,1.76,100,0.977,0.052,1.029,0.157156831,0.381480274,145,0.482,1.17,,,,,,
1/19/2011,1/20/2011,HS1,GRB,,0.068,100,5,0.00132,5.00132,0,0.185849364,84.7,0,0.57,,,,,,
1/26/2011,1/27/2011,HS1,GRB,,0.09,232,1.94,0.0265,1.9665,0.06031953,0.681447669,357,0.185,2.09,,,,,,
2/16/2011,2/17/2011,HS1,GRB,,1.34,90,0.0465,0.00717,0.05367,0,0,74,0.18,0,,,,,,
3/2/2011,3/3/2011,HS1,GRB,,1.35,154,0.1993,0.0107,0.21,0.029344636,0.077274209,208,0.09,0.237,,,,,,
3/7/2011,3/8/2011,HS1,GRB,,0.35,264,0.3486,0.0164,0.365,0,0,254,0.1,0,,,,,,
3/15/2011,3/16/2011,HS1,GRB,,3.75,226.67,0.07642,0.00438,0.0808,0.231496576,0.994457124,152,0.71,3.05,,,,,,
3/30/2011,3/31/2011,HS1,GRB,,1.75,8,0.682,0.039,0.721,0.166286273,0.877078578,22,0.51,2.69,,,,,,
4/20/2011,4/21/2011,HS1,GRB,,0.697,0,0,0.00659,0,0.342354092,1.020541246,67.1,1.05,3.13,,,,,,
4/25/2011,4/26/2011,HS1,GRB,,1.11,0,0.00939,0.00591,0.0153,0.391261819,1.089012064,116,1.2,3.34,,,,,,
9/27/2011,9/28/2011,HS1,GRB,,0,195,0.05269075,0.00291,0.05560075,0.02689925,0.753179002,227,0.0825,2.31,,,,,,
1/26/2011,1/27/2011,HS1,GRB FD,,0.085,236,2.04,0.0214,2.0614,0.059341376,0.50537985,351,0.182,1.55,,,,,,
2/16/2011,2/17/2011,HS1,GRB FD,,0.115,40,0.0548,0,0.0548,0.022823606,0.286925334,73.5,0.07,0.88,,,,,,
12/8/2011,,HS2,GRB,24.9,0.57,59,,,0.30,,0.41,,,,0.87,0.49,0.08,8,41,8.3
1/19/2012,,HS2,GRB,55.5,0.95,32,,,0.12,,0.66,,,,1.07,0.67,0.28,16,28,4.3
2/20/2012,,HS2,GRB,34.5,1.73,101,,,0.40,,0.51,,,,2.13,0.80,0.93,10,60,5.6
7/8/2012,,HS2,GRB,178,1.43,594,,,<MQL,,1.13,,,,.,1.24,0.19,16,64,10.2
8/8/2012,,HS2,GRB,227,0.60,68,,,<MQL,,0.15,,,,.,.,<MQL,10,28,7.5
11/28/2012,,HS2,GRB,52.2,3.08,508,,,<MQL,,1.44,,,,.,2.94,0.14,17,44,41.4
12/12/2012,,HS2,GRB,38.2,0.73,180,,,0.83,,0.62,,,,1.56,.,<MQL,14,42,46.5
2/4/2013,,HS2,GRB,35.7,1.84,67,,,0.08,,0.63,,,,1.92,1.75,0.09,10,21,19.8
2/18/2013,,HS2,GRB,46.7,1.25,133,,,0.03,,0.70,,,,1.28,1.21,0.04,12,22,9.2
2/18/2013,,HS2,GRB,.,3.95,.,,,0.33,,1.71,,,,4.28,.,<MQL,7,26,.
4/8/2013,,HS2,GRB,26.1,1.17,23,,,<MQL,,0.62,,,,.,1.11,0.06,14,29,1.5
7/15/2013,,HS2,GRB,134,1.04,54,,,<MQL,,0.21,,,,.,.,<MQL,16,22,4.1
8/5/2013,,HS2,GRB,220,0.92,41,,,0.11,,0.21,,,,1.03,.,<MQL,24,13,9.4
9/18/2013,,HS2,GRB,202,0.98,67,,,<MQL,,0.12,,,,.,.,<MQL,38,40,7.6
1/16/2014,,HS2,GRB,39.3,0.98,16,,,0.03,,0.38,,,,1.01,.,<MQL,14,19,4.3
3/11/2014,,HS2,GRB,26.8,1.27,47,,,0.40,,0.29,,,,1.67,.,<MQL,11,20,3.2
3/31/2014,,HS2,GRB,30.9,1.49,55,,,3.81,,0.45,,,,5.3,1.37,0.12,9,27,2.6
5/29/2014,,HS2,GRB,46.2,1.52,46,,,1.06,,0.36,,,,,,0.45,21,49,4.2
6/25/2014,,HS2,GRB,53.4,1.45,65,,,<MQL,,0.74,,,,,,0.07,27,57,13.2
8/12/2014,,HS2,GRB,25.1,0.72,92,,,0.30,,0.37,,,,,,0.23,9,14,7.0
10/16/2014,,HS2,GRB,32.4,2.06,332,,,0.04,,0.60,,,,,,0.32,13,24,13.9
11/12/2014,,HS2,GRB,99.7,0.73,97,,,0.07,,0.27,,,,,,0.15,14,25,11.1
12/7/2014,,HS2,GRB,NULL,0.52,NULL,,,0.07,,0.31,,,,,,0.09,16,37,NULL
1/14/2015,,HS2,GRB,30.4,1.33,21,,,0.10,,0.45,,,,,,0.23,10,29,12.0
2/18/2015,,HS2,GRB,26.5,1.00,84,,,0.23,,0.54,,,,,,0.34,11,30,14.1
11/4/2010,11/5/2010,HS2,GRB,,0.314,200,24.49,0.29,24.78,0.019889142,0.531463971,415,0.061,1.63,,,,,,
12/1/2010,12/3/2010,HS2,GRB,,0.178,400,3.15,0.032,3.182,0.185197261,0.942288882,604,0.568,2.89,,,,,,
12/9/2010,12/10/2010,HS2,GRB,,3.04,400,1.75,0.039,1.789,0.067166612,0.805347245,564,0.206,2.47,,,,,,
1/19/2011,1/20/2011,HS2,GRB,,0.164,158,4.69,0.02,4.71,0,0.250081513,116,0,0.767,,,,,,
1/26/2011,1/27/2011,HS2,GRB,,0.124,230,1.85,0.021,1.871,0.06227584,0.609716335,367,0.191,1.87,,,,,,
2/16/2011,2/17/2011,HS2,GRB,,0.215,64,0,0,0,0.061949788,0.358656668,118,0.19,1.1,,,,,,
3/2/2011,3/3/2011,HS2,GRB,,1.32,74,0.09006,0.00114,0.0912,0.039126182,0.736876426,122,0.12,2.26,,,,,,
3/7/2011,3/8/2011,HS2,GRB,,0.209,110,0.4229,0.0131,0.436,0,0,187,0.09,0,,,,,,
3/15/2011,3/16/2011,HS2,GRB,,5.11,86.67,0.16973,0.00527,0.175,0.19563091,0.678187154,143,0.6,2.08,,,,,,
3/30/2011,3/31/2011,HS2,GRB,,1.78,48,0.8377,0.0233,0.861,0.185849364,1.11183567,75.1,0.57,3.41,,,,,,
4/20/2011,4/21/2011,HS2,GRB,,0.464,0,0,0.00455,0,0.231496576,1.040104336,64.7,0.71,3.19,,,,,,
4/25/2011,4/26/2011,HS2,GRB,,1.62,200,0.01017,0.00653,0.0167,0.254320183,2.112813825,408,0.78,6.48,,,,,,
7/18/2011,7/19/2011,HS2,GRB,,0.042,230,0,0.00272,0,0.189109879,1.561786762,187,0.58,4.79,,,,,,
7/18/2011,7/19/2011,HS2,GRB,,0.042,230,0,0.00272,0,0.189109879,1.561786762,187,0.58,4.79,,,,,,
9/27/2011,9/28/2011,HS2,GRB,,0,255,0.083863303,0.00375,0.087613303,0.042386697,0.727094881,193,0.13,2.23,,,,,,
1/19/2011,1/20/2011,HS2,GRB FD,,0.042,86,4.71,0.02,4.73,0,0,118,0,0,,,,,,
4/20/2011,4/21/2011,HS2,GRB FD,,0.427,0,0,0.00594,0,0.286925334,0.912944245,56.4,0.88,2.8,,,,,,
7/18/2011,7/19/2011,HS2,GRB FD,,0.016,80,0,0.00243,0,0.136941637,1.457450277,190,0.42,4.47,,,,,,
7/18/2011,7/19/2011,HS2,GRB FD,,0.016,80,0,0.00243,0,0.136941637,1.457450277,190,0.42,4.47,,,,,,
5/16/2012,,PN1,GRB,140,0.65,25,,,<MQL,,0.05,,,,.,.,<MQL,15,26,14.6
5/16/2012,,PN1,GRB,143,0.72,24,,,<MQL,,0.06,,,,.,.,<MQL,18,25,14.5
6/6/2012,,PN1,GRB,167,1.20,10,,,0.17,,0.16,,,,1.37,0.82,0.38,19,18,8.1
6/26/2012,,PN1,GRB,129,1.48,41,,,<MQL,,0.26,,,,.,.,<MQL,10,48,6.2
8/8/2012,,PN1,GRB,199,1.33,138,,,0.02,,0.45,,,,1.35,.,<MQL,16,78,9.2
9/4/2012,,PN1,GRB,106,1.11,38,,,<MQL,,0.18,,,,.,.,<MQL,10,29,7.7
10/10/2012,,PN1,GRB,64.0,1.76,25,,,<MQL,,0.82,,,,.,.,<MQL,23,77,3.6
11/28/2012,,PN1,GRB,63.3,1.12,38,,,<MQL,,0.36,,,,.,.,<MQL,16,25,8.6
12/12/2012,,PN1,GRB,21.4,1.01,17,,,0.11,,0.48,,,,1.12,.,<MQL,19,66,5.9
2/4/2013,,PN1,GRB,29.6,1.31,37,,,<MQL,,0.44,,,,.,.,<MQL,11,23,14.0
2/18/2013,,PN1,GRB,24.8,1.22,32,,,0.04,,0.32,,,,1.26,.,<MQL,11,30,6.2
4/8/2013,,PN1,GRB,24.2,1.05,21,,,<MQL,,0.50,,,,.,1.01,0.04,15,30,1.3
6/5/2013,,PN1,GRB,52.1,1.81,248,,,0.21,,1.16,,,,2.02,0.83,0.98,13,25,10.2
6/25/2013,,PN1,GRB,248,0.52,640,,,0.59,,0.24,,,,1.11,.,<MQL,8,<MQL,23.0
7/15/2013,,PN1,GRB,244,0.65,11,,,0.04,,0.18,,,,0.69,.,<MQL,23,19,10.7
8/28/2013,,PN1,GRB,238,0.97,11,,,<MQL,,0.20,,,,.,.,<MQL,23,<MQL,8.3
9/18/2013,,PN1,GRB,255,1.40,29,,,<MQL,,0.37,,,,.,.,<MQL,38,24,6.0
1/16/2014,,PN1,GRB,28.2,1.11,20,,,0.02,,0.36,,,,1.13,1.07,0.04,15,35,3.8
2/3/2014,,PN1,GRB,.,1.90,.,,,0.69,,1.13,,,,2.59,1.77,0.13,10,98,.
3/11/2014,,PN1,GRB,20.5,1.01,20,,,<MQL,,0.28,,,,.,.,<MQL,16,32,5.7
3/31/2014,,PN1,GRB,26.7,0.94,22,,,<MQL,,0.27,,,,.,.,<MQL,16,38,4.6
6/25/2014,,PN1,GRB,36.2,1.54,16,,,0.17,,0.37,,,,,,0.54,11,18,7.9
7/28/2014,,PN1,GRB,28.3,0.83,5,,,0.20,,0.36,,,,,,0.15,15,30,2.5
8/12/2014,,PN1,GRB,91.2,0.83,29,,,0.20,,0.17,,,,,,0.06,13,17,7.2
10/16/2014,,PN1,GRB,39.4,0.73,30,,,<MQL,,0.28,,,,,,<MQL,9,24,13.1
12/8/2014,,PN1,GRB,27.9,0.43,36,,,0.11,,0.32,,,,,,<MQL,21,48,9.9
1/14/2015,,PN1,GRB,32.3,0.64,11,,,<MQL,,0.20,,,,,,0.08,15,43,6.6
2/18/2015,,PN1,GRB,29.5,0.72,4,,,<MQL,,0.17,,,,,,<MQL,20,59,6.6
7/8/2010,7/9/2010,PN1,GRB,,0.091,0,0,0.013,0.013,0.015976524,0.00652103,20.7,0.049,0.02,,,,,,
7/29/2010,7/30/2010,PN1,GRB,,0.046,100,0.1,0.007,0.107,0.069448973,0.117052494,4.07,0.213,0.359,,,,,,
8/26/2010,8/27/2010,PN1,GRB,,0.042,100,0.1,0.001,0.101,0.127160091,0.153570264,12.5,0.39,0.471,,,,,,
9/8/2010,9/9/2010,PN1,GRB,,0.019,0,0.2,0.009,0.209,0.108901206,0.272905119,14.3,0.334,0.837,,,,,,
11/4/2010,11/5/2010,PN1,GRB,,0.106,0,3.294,0.259,3.553,0.175741767,0.275839583,45.1,0.539,0.846,,,,,,
12/1/2010,12/3/2010,PN1,GRB,,0.136,100,0.275,0.027,0.302,0.185849364,0.345614607,77.1,0.57,1.06,,,,,,
12/9/2010,12/10/2010,PN1,GRB,,0.046,100,0.000495,0.009,0.009495,0.098141506,0.167916531,12.4,0.301,0.515,,,,,,
1/26/2011,1/27/2011,PN1,GRB,,0.027,200,1.33,0.025,1.355,0.140202152,0.596674275,238,0.43,1.83,,,,,,
2/16/2011,2/17/2011,PN1,GRB,,0.08,6,0,0,0,0.026084121,0.088033909,6.43,0.08,0.27,,,,,,
3/2/2011,3/3/2011,PN1,GRB,,0.085,0,0,0.00297,0,0.032605152,0.193022498,7.02,0.1,0.592,,,,,,
3/7/2011,3/8/2011,PN1,GRB,,0.039,16,0,0.00607,0,0.052168243,0.17411151,5.78,0.16,0.534,,,,,,
3/15/2011,3/16/2011,PN1,GRB,,0.083,6.67,0.256,0,0.256,0.205412455,0.446690577,51.1,0.63,1.37,,,,,,
3/30/2011,3/31/2011,PN1,GRB,,0.07,0,0.00034,0.00771,0.00805,0.176067819,0.300619498,9.7,0.54,0.922,,,,,,
4/20/2011,4/21/2011,PN1,GRB,,0.039,0,0,0.00318,0,0.290185849,0.639060972,15.6,0.89,1.96,,,,,,
4/25/2011,4/26/2011,PN1,GRB,,0.243,0,0.2562,0.0188,0.275,0.417345941,0.528203456,80.6,1.28,1.62,,,,,,
7/5/2011,7/6/2011,PN1,GRB,,0.114,0,0,0.00235,0,0.10107597,0.14411477,4.45,0.31,0.442,,,,,,
7/18/2011,7/19/2011,PN1,GRB,,0.055,155,0,0.0029,0,0.238017607,0.678187154,61.9,0.73,2.08,,,,,,
8/2/2011,8/3/2011,PN1,GRB,,0.11,80,0,0.00616,0,0.319530486,0.929246821,29.6,0.98,2.85,,,,,,
8/15/2011,8/16/2011,PN1,GRB,,0.034,0,0,0.00738,0,0.521682426,0.828170851,9.83,1.6,2.54,,,,,,
9/7/2011,9/8/2011,PN1,GRB,,0.15,95,0.0768,0,0.0768,0.09455494,0.195956961,17.2,0.29,0.601,,,,,,
9/27/2011,9/28/2011,PN1,GRB,,0.0111,160,0.06744,0.00306,0.0705,0.335833062,1.806325399,112,1.03,5.54,,,,,,
3/30/2011,3/31/2011,PN1,GRB FD,,0.043,16,0,0.00481,0,0.257580698,0.229214216,9.93,0.79,0.703,,,,,,
7/5/2011,7/6/2011,PN1,GRB FD,,0.102,200,0,0.00224,0,0.09455494,0.193022498,5.2,0.29,0.592,,,,,,
7/18/2011,7/19/2011,PN1,GRB FD,,0.025,160,0,0.00214,0,0.182588849,0.932507336,36,0.56,2.86,,,,,,
8/2/2011,8/3/2011,PN1,GRB FD,,0.048,60,0,0.00606,0,0.30974894,0.665145093,22.6,0.95,2.04,,,,,,
8/15/2011,8/16/2011,PN1,GRB FD,,0.04,0,0.09464,0.00736,0.102,0.515161396,0.850994457,8.59,1.58,2.61,,,,,,
9/7/2011,9/8/2011,PN1,GRB FD,,0.155,10,0.06007,0,0.06007,0.107597,0.185523313,17.4,0.33,0.569,,,,,,
5/16/2012,,PN2,GRB,136,0.67,25,,,<MQL,,0.06,,,,.,.,<MQL,22,28,14.2
6/6/2012,,PN2,GRB,99.0,1.99,37,,,0.48,,0.12,,,,2.47,1.90,0.09,21,38,11.2
6/26/2012,,PN2,GRB,128,1.03,44,,,<MQL,,0.16,,,,.,.,<MQL,11,24,5.9
7/8/2012,,PN2,GRB,191,3.05,59,,,0.51,,0.23,,,,3.56,1.72,1.33,11,18,11.4
8/8/2012,,PN2,GRB,250,0.43,71,,,0.08,,0.18,,,,0.51,0.36,0.07,7,18,15.8
9/4/2012,,PN2,GRB,111,0.72,31,,,<MQL,,0.14,,,,.,.,<MQL,9,27,9.7
10/10/2012,,PN2,GRB,64.6,1.87,27,,,<MQL,,0.88,,,,.,.,<MQL,21,70,3.2
11/28/2012,,PN2,GRB,64.9,1.19,55,,,<MQL,,0.31,,,,.,.,<MQL,14,20,8.3
12/12/2012,,PN2,GRB,18.0,1.92,111,,,1.87,,0.56,,,,3.79,.,<MQL,14,48,15.1
2/4/2013,,PN2,GRB,23.0,1.47,98,,,0.04,,0.47,,,,1.51,.,<MQL,10,16,25.7
2/18/2013,,PN2,GRB,22.1,0.87,171,,,0.05,,0.31,,,,0.92,0.81,0.06,12,31,6.6
4/8/2013,,PN2,GRB,89.6,1.44,101,,,0.07,,0.46,,,,1.51,1.40,0.04,12,20,1.5
6/5/2013,,PN2,GRB,35.2,1.43,186,,,0.25,,0.40,,,,1.68,1.24,0.19,8,10,9.7
7/15/2013,,PN2,GRB,187,1.89,233,,,0.02,,1.16,,,,1.91,1.63,0.26,25,22,17.5
8/5/2013,,PN2,GRB,223,0.65,17,,,0.12,,0.15,,,,0.77,.,<MQL,18,10,11.0
8/28/2013,,PN2,GRB,237,0.35,8,,,<MQL,,0.07,,,,.,.,<MQL,18,20,7.5
9/18/2013,,PN2,GRB,244,0.41,15,,,<MQL,,0.08,,,,.,.,<MQL,25,<MQL,5.4
1/16/2014,,PN2,GRB,33.8,1.60,120,,,0.12,,0.47,,,,1.72,1.45,0.15,14,25,5.3
2/3/2014,,PN2,GRB,.,3.62,.,,,0.41,,0.74,,,,4.03,1.93,1.69,11,<MQL,.
3/11/2014,,PN2,GRB,24.5,1.93,149,,,0.52,,0.37,,,,2.45,1.80,0.13,13,26,9.7
3/31/2014,,PN2,GRB,22.5,0.83,70,,,0.13,,0.28,,,,0.96,.,<MQL,15,37,5.1
6/25/2014,,PN2,GRB,18.2,2.56,75,,,0.52,,0.19,,,,,,0.25,7,13,8.9
7/28/2014,,PN2,GRB,35.0,1.55,18,,,0.09,,0.35,,,,,,0.09,12,22,8.1
8/12/2014,,PN2,GRB,80.3,0.76,21,,,0.05,,0.10,,,,,,0.06,18,24,9.8
9/24/2014,,PN2,GRB,225,0.46,42,,,<MQL,,0.08,,,,,,<MQL,20,<MQL,18.7
10/16/2014,,PN2,GRB,41.1,0.71,28,,,0.06,,0.26,,,,,,<MQL,11,30,16.3
11/12/2014,,PN2,GRB,63.2,0.49,97,,,0.04,,0.08,,,,,,0.06,11,18,12.0
1/14/2015,,PN2,GRB,30.1,0.63,205,,,0.20,,0.21,,,,,,0.12,12,34,20.3
2/18/2015,,PN2,GRB,37.2,0.94,56,,,0.40,,0.16,,,,,,0.12,16,36,24.9
7/8/2010,7/9/2010,PN2,GRB,,0.008,100,0,0.004,0.004,0.014020215,0.069448973,19.7,0.043,0.213,,,,,,
7/29/2010,7/30/2010,PN2,GRB,,0.108,0,0.1,0.005,0.105,0.041408543,0.120965112,6.51,0.127,0.371,,,,,,
8/26/2010,8/27/2010,PN2,GRB,,0.019,200,0.2,0.001,0.201,0.040104336,0.154548419,21.5,0.123,0.474,,,,,,
9/8/2010,9/9/2010,PN2,GRB,,0.081,0,0,0.01,0.01,0.047603521,0.20215194,39.8,0.146,0.62,,,,,,
9/27/2010,9/28/2010,PN2,GRB,,0.094,100,0,0.001,0.001,0.045321161,0.174437561,29.7,0.139,0.535,,,,,,
11/4/2010,11/5/2010,PN2,GRB,,0.144,0,1.042,0.416,1.458,1.0107597,1.203130095,52.9,3.1,3.69,,,,,,
12/1/2010,12/3/2010,PN2,GRB,,0.12,100,0.151,0.019,0.17,0.107270949,0.156504728,13.5,0.329,0.48,,,,,,
12/9/2010,12/10/2010,PN2,GRB,,0.052,100,0.00875,0.008,0.01675,0.083469188,0.129768503,21.3,0.256,0.398,,,,,,
1/26/2011,1/27/2011,PN2,GRB,,0.079,150,0.821,0.0123,0.8333,0.394522335,0.769481578,253,1.21,2.36,,,,,,
2/16/2011,2/17/2011,PN2,GRB,,0.102,136,0.322,0.0113,0.3333,0.068470818,0.348875122,112,0.21,1.07,,,,,,
3/2/2011,3/3/2011,PN2,GRB,,0.143,102,0.17877,0.00723,0.186,0.045647212,0.329312031,151,0.14,1.01,,,,,,
3/7/2011,3/8/2011,PN2,GRB,,0.067,30,0.09689,0.00611,0.103,0,0,42.7,0.18,0,,,,,,
3/15/2011,3/16/2011,PN2,GRB,,0.23,80,0.19907,0.00493,0.204,0.277143789,0.384740789,112,0.85,1.18,,,,,,
3/30/2011,3/31/2011,PN2,GRB,,0.135,82,0.24678,0.00622,0.253,0.143462667,0.733615911,84.9,0.44,2.25,,,,,,
4/20/2011,4/21/2011,PN2,GRB,,0.024,0,0,0.0063,0,0.176067819,0.329312031,61.4,0.54,1.01,,,,,,
4/25/2011,4/26/2011,PN2,GRB,,0.244,55,0.41901,0.00999,0.429,0.440169547,0.531463971,70.9,1.35,1.63,,,,,,
7/5/2011,7/6/2011,PN2,GRB,,0.058,50,0.04245,0.00205,0.0445,0.104336485,0.235409195,12.8,0.32,0.722,,,,,,
7/18/2011,7/19/2011,PN2,GRB,,0.026,25,0.02339,0.00291,0.0263,0.257580698,0.388001304,7.24,0.79,1.19,,,,,,
8/2/2011,8/3/2011,PN2,GRB,,0,35,0,0.00528,0,0.20215194,0.629279426,25.2,0.62,1.93,,,,,,
8/15/2011,8/16/2011,PN2,GRB,,0.397,10,0,0.0413,0,0.270622758,0.629279426,10.4,0.83,1.93,,,,,,
9/7/2011,9/8/2011,PN2,GRB,,0.031,20,0,0.0413,0,0.257580698,0.427127486,15.5,0.79,1.31,,,,,,
12/9/2010,12/10/2010,PN2,GRB FD,,0.072,100,0.0114,0.009,0.0204,0.083143137,0.132376916,16.2,0.255,0.406,,,,,,
2/16/2011,2/17/2011,PN2,GRB FD,,0.108,86,0.291,0.00299,0.29399,0.068470818,0.348875122,114,0.21,1.07,,,,,,
3/2/2011,3/3/2011,PN2,GRB FD,,0.208,98,0.18108,0.00692,0.188,0.052168243,0.012389958,150,0.16,0.038,,,,,,
4/25/2011,4/26/2011,PN2,GRB FD,,0.276,0,0.553,0.012,0.565,0.446690577,0.541245517,84.8,1.37,1.66,,,,,,
12/8/2011,,PS1,GRB,48.9,0.96,39,,,1.48,,0.60,,,,2.44,0.91,0.05,13,28,12.2
1/19/2012,,PS1,GRB,111,0.69,17,,,<MQL,,0.23,,,,.,.,<MQL,16,20,6.1
6/26/2012,,PS1,GRB,244,0.72,29,,,0.15,,0.12,,,,0.87,.,<MQL,9,<MQL,16.6
7/8/2012,,PS1,GRB,76.0,0.97,560,,,0.42,,0.69,,,,1.39,0.86,0.11,9,20,7.3
12/12/2012,,PS1,GRB,16.3,0.63,84,,,13.1,,0.40,,,,13.73,.,<MQL,8,25,34.1
7/15/2013,,PS1,GRB,181,0.86,67,,,0.03,,0.22,,,,0.89,.,<MQL,14,11,18.1
8/5/2013,,PS1,GRB,216,0.74,109,,,<MQL,,0.22,,,,.,.,<MQL,18,13,20.0
1/16/2014,,PS1,GRB,.,.,.,,,.,,.,,,,.,.,.,.,.,.
2/3/2014,,PS1,GRB,20.3,4.53,2800,,,3.33,,1.79,,,,7.86,4.41,0.12,10,41,17.7
3/31/2014,,PS1,GRB,11.6,0.68,180,,,0.69,,0.11,,,,1.37,.,<MQL,9,17,18.6
8/12/2014,,PS1,GRB,48.0,1.06,58,,,0.06,,0.29,,,,,,0.07,15,23,10.7
12/1/2010,12/3/2010,PS1,GRB,,0.131,200,2.88,0.078,2.958,0.430388001,0.798826215,209,1.32,2.45,,,,,,
2/16/2011,2/17/2011,PS1,GRB,,0.208,30,14.5,0.0543,14.5543,0.058689273,0.192370395,18.8,0.18,0.59,,,,,,
3/2/2011,3/3/2011,PS1,GRB,,0.204,0,4.7192,0.0308,4.75,0.071731334,0.256602543,23.1,0.22,0.787,,,,,,
3/7/2011,3/8/2011,PS1,GRB,,0.098,60,0.60746,0.00354,0.611,0,0,39.9,0.26,0,,,,,,
3/15/2011,3/16/2011,PS1,GRB,,0.12,20,12.847,0.053,12.9,0.260841213,0.185849364,18.5,0.8,0.57,,,,,,
3/30/2011,3/31/2011,PS1,GRB,,0.973,1380,1.88419,0.00581,1.89,0.339093577,2.73557222,1648,1.04,8.39,,,,,,
4/20/2011,4/21/2011,PS1,GRB,,3.76,0,0,0.135,0,0.547766547,1.062927943,238,1.68,3.26,,,,,,
4/25/2011,4/26/2011,PS1,GRB,,2.66,75,8.804,0.316,9.12,0.531463971,0.968373003,214,1.63,2.97,,,,,,
6/28/2011,6/29/2011,PS1,GRB,,0.379,10,0.4334,0.0426,0.476,0.146723182,0.134007173,12.1,0.45,0.411,,,,,,
7/5/2011,7/6/2011,PS1,GRB,,0.134,0,0.13904,0.00296,0.142,0.149983697,0.324095207,24.4,0.46,0.994,,,,,,
7/18/2011,7/19/2011,PS1,GRB,,0.018,0,0.1811,0.0159,0.197,0.130420606,0.159439191,5.48,0.4,0.489,,,,,,
8/2/2011,8/3/2011,PS1,GRB,,0.079,25,0,0.000371,0,0.20867297,0.440169547,26.1,0.64,1.35,,,,,,
9/27/2011,9/28/2011,PS1,GRB,,0,2635,0.451104969,0.00718,0.458284969,0.221715031,5.151613955,3608,0.68,15.8,,,,,,
12/8/2011,,PS2,GRB,48.9,0.89,38,,,2.52,,0.50,,,,3.41,.,<MQL,8,27,11.8
1/19/2012,,PS2,GRB,114,0.55,13,,,0.04,,0.19,,,,0.59,.,<MQL,12,20,6.7
6/26/2012,,PS2,GRB,216,0.99,39,,,0.06,,0.16,,,,1.05,.,<MQL,7,10,17.7
7/8/2012,,PS2,GRB,306,3.71,22600,,,0.25,,3.76,,,,3.96,2.83,0.88,23,<MQL,9.6
6/25/2013,,PS2,GRB,242,0.53,225,,,0.25,,0.19,,,,0.78,.,<MQL,19,<MQL,23.4
7/15/2013,,PS2,GRB,203,0.69,38,,,<MQL,,0.14,,,,.,.,<MQL,14,13,16.7
2/3/2014,,PS2,GRB,25.0,2.66,6000,,,3.19,,2.19,,,,5.85,1.97,0.69,13,38,13.1
3/31/2014,,PS2,GRB,14.0,0.71,321,,,0.67,,0.29,,,,1.38,.,<MQL,9,20,18.2
8/12/2014,,PS2,GRB,103,2.09,315,,,<MQL,,1.11,,,,,,0.09,21,28,14.5
12/1/2010,12/3/2010,PS2,GRB,,0.119,0,1.35,0.034,1.384,0.339093577,0.482556244,48.7,1.04,1.48,,,,,,
2/16/2011,2/17/2011,PS2,GRB,,0.067,0,12.6,0.0922,12.6922,0.071731334,0.188457776,10.8,0.22,0.578,,,,,,
3/2/2011,3/3/2011,PS2,GRB,,0.173,0,5.2516,0.0984,5.35,0.078252364,0.145418976,36,0.24,0.446,,,,,,
3/7/2011,3/8/2011,PS2,GRB,,0.054,14,5.3376,0.0524,5.39,0.061949788,0.184545158,5.96,0.19,0.566,,,,,,
3/15/2011,3/16/2011,PS2,GRB,,0.116,0,13.382,0.118,13.5,0.140202152,0.189761982,16,0.43,0.582,,,,,,
3/30/2011,3/31/2011,PS2,GRB,,0.297,1280,1.70144,0.00856,1.71,0.368438213,2.794261493,1510.4,1.13,8.57,,,,,,
4/20/2011,4/21/2011,PS2,GRB,,2.28,0,0.961,0.079,1.04,0.443430062,0.671666123,44.9,1.36,2.06,,,,,,
4/25/2011,4/26/2011,PS2,GRB,,0.642,60,12.464,0.536,13,0.361917183,0.476035214,95.2,1.11,1.46,,,,,,
6/28/2011,6/29/2011,PS2,GRB,,0.302,15,0.4336,0.0314,0.465,0.159765243,0.15487447,13.5,0.49,0.475,,,,,,
7/5/2011,7/6/2011,PS2,GRB,,0.023,50,0.4359,0.0131,0.449,0.198891425,0.286599283,12.8,0.61,0.879,,,,,,
7/18/2011,7/19/2011,PS2,GRB,,0.016,0,0.07475,0.00295,0.0777,0.123899576,0.168894685,5.03,0.38,0.518,,,,,,
8/2/2011,8/3/2011,PS2,GRB,,0,0,0.095902,0.000298,0.0962,0.120639061,0.166286273,5.16,0.37,0.51,,,,,,
9/27/2011,9/28/2011,PS2,GRB,,0,1845,0.528663251,0.00443,0.533093251,0.257906749,3.912618194,2288,0.791,12,,,,,,
3/7/2011,3/8/2011,PS2,GRB FD,,0.063,0,5.3381,0.0519,5.39,0,0,7.73,0.19,0,,,,,,
12/8/2011,,PS3,GRB,58.0,0.90,14,,,1.06,,<MQL,,,,1.96,.,<MQL,11,33,13.5
1/19/2012,,PS3,GRB,72.2,0.73,6,,,0.02,,0.17,,,,0.75,.,<MQL,14,26,6.4
6/26/2012,,PS3,GRB,241,0.77,<MQL,,,0.04,,0.14,,,,0.81,.,<MQL,9,<MQL,12.1
7/8/2012,,PS3,GRB,259,0.99,1530,,,<MQL,,0.26,,,,.,0.88,0.11,11,29,16.3
8/8/2012,,PS3,GRB,271,0.76,4,,,0.12,,0.17,,,,0.88,.,<MQL,7,20,17.1
12/12/2012,,PS3,GRB,14.4,0.65,55,,,9.44,,0.11,,,,10.09,.,<MQL,9,31,17.7
6/25/2013,,PS3,GRB,287,0.78,28,,,0.35,,0.15,,,,1.13,.,<MQL,8,<MQL,33.9
7/15/2013,,PS3,GRB,282,0.35,<MQL,,,0.47,,0.17,,,,0.82,0.29,0.06,15,<MQL,15.4
8/5/2013,,PS3,GRB,271,0.66,36,,,0.75,,0.18,,,,1.41,.,<MQL,32,<MQL,15.7
8/28/2013,,PS3,GRB,283,3.76,160,,,<MQL,,0.48,,,,.,3.25,0.51,25,13,19.3
1/16/2014,,PS3,GRB,97.3,0.87,12,,,<MQL,,0.21,,,,.,0.81,0.06,20,22,11.7
3/11/2014,,PS3,GRB,77.7,1.21,40,,,<MQL,,0.25,,,,.,.,<MQL,22,28,6.8
3/31/2014,,PS3,GRB,73.0,0.84,55,,,<MQL,,0.23,,,,.,0.78,0.06,19,33,5.7
6/25/2014,,PS3,GRB,38.4,0.88,108,,,0.20,,0.36,,,,,,0.06,8,12,8.2
8/12/2014,,PS3,GRB,78.5,1.06,23,,,0.21,,0.22,,,,,,0.07,12,24,9.1
10/16/2014,,PS3,GRB,74.2,0.77,64,,,0.05,,0.40,,,,,,0.10,13,26,9.6
12/8/2014,,PS3,GRB,52.9,0.36,67,,,0.44,,0.25,,,,,,0.08,12,23,8.3
2/18/2015,,PS3,GRB,31.6,0.83,23,,,2.68,,0.18,,,,,,0.15,11,25,14.4
12/1/2010,12/3/2010,PS3,GRB,,0.161,100,0.411,0.015,0.426,0.186501467,0.596674275,219,0.572,1.83,,,,,,
1/26/2011,1/27/2011,PS3,GRB,,0.036,178,5.69,0.036,5.726,0.217476361,0.648842517,281,0.667,1.99,,,,,,
2/16/2011,2/17/2011,PS3,GRB,,0.035,84,0.312,0,0.312,0.048907727,0.335833062,115,0.15,1.03,,,,,,
3/2/2011,3/3/2011,PS3,GRB,,0.154,0,0,0.00386,0,0,0,27.2,0.08,0,,,,,,
3/7/2011,3/8/2011,PS3,GRB,,0.031,20,0,0.00349,0,0,0,9.99,0.11,0,,,,,,
3/15/2011,3/16/2011,PS3,GRB,,0.179,26.67,0,0.000614,0,0.472774698,0.391261819,24.2,1.45,1.2,,,,,,
3/30/2011,3/31/2011,PS3,GRB,,0.107,46,0.06393,0.00507,0.069,0.189109879,0.72905119,41.2,0.58,2.236,,,,,,
4/20/2011,4/21/2011,PS3,GRB,,0.072,0,0,0.00573,0,0.306488425,0.880339094,22.6,0.94,2.7,,,,,,
4/25/2011,4/26/2011,PS3,GRB,,0.136,0,0,0.00594,0,0.456472123,0.746657972,13.7,1.4,2.29,,,,,,
6/28/2011,6/29/2011,PS3,GRB,,0.079,55,0,0,0,0.156504728,0.573850668,37.5,0.48,1.76,,,,,,
7/5/2011,7/6/2011,PS3,GRB,,1.83,50,0.35148,0.00552,0.357,0.107597,0.223345289,26.9,0.33,0.685,,,,,,
7/18/2011,7/19/2011,PS3,GRB,,0.04,0,0.007,0.0083,0.0153,0.061949788,0.090968373,2.54,0.19,0.279,,,,,,
9/27/2011,9/28/2011,PS3,GRB,,0,120,0.489212393,0.00277,0.491982393,0.238017607,0.805347245,154,0.73,2.47,,,,,,
2/16/2011,2/17/2011,PS3,GRB FD,,0.038,132,0,0,0,0.052168243,0.352135637,114,0.16,1.08,,,,,,
3/30/2011,3/31/2011,PS3,GRB FD,,0.094,34,0,0.00611,0,0.221715031,0.776002608,30.5,0.68,2.38,,,,,,
6/28/2011,6/29/2011,PS3,GRB FD,,0.119,50,0,0.00259,0,0.149983697,0.472774698,25.6,0.46,1.45,,,,,,
12/8/2011,,PS4,GRB,73.1,1.01,14,,,0.97,,<MQL,,,,1.98,.,<MQL,16,42,17.1
8/8/2012,,PS4,GRB,229,1.25,10,,,<MQL,,0.19,,,,.,1.17,0.08,16,41,28.4
12/12/2012,,PS4,GRB,23.3,0.84,18,,,6.88,,0.15,,,,7.72,.,<MQL,8,28,18.1
8/28/2013,,PS4,GRB,243,0.51,4,,,<MQL,,0.07,,,,.,.,<MQL,15,<MQL,26.6
2/3/2014,,PS4,GRB,19.6,1.15,1620,,,1.04,,1.23,,,,2.19,1.02,0.13,11,87,10.4
3/31/2014,,PS4,GRB,73.2,1.02,46,,,<MQL,,0.22,,,,.,0.98,0.04,15,36,6.9
6/25/2014,,PS4,GRB,35.8,1.53,112,,,0.10,,0.50,,,,,,<MQL,7,<MQL,7.0
8/12/2014,,PS4,GRB,85.6,1.05,1190,,,0.36,,0.92,,,,,,0.13,16,111,8.6
12/1/2010,12/3/2010,PS4,GRB,,0.168,300,1.96,0.016,1.976,0.041734594,0.515161396,493,0.128,1.58,,,,,,
1/26/2011,1/27/2011,PS4,GRB,,0.056,186,8.25,0.0208,8.2708,0.036843821,0.371698728,239,0.113,1.14,,,,,,
7/5/2011,7/6/2011,PS4,GRB,,0.235,100,1.025,0.015,1.04,0.10107597,0.31398761,61.2,0.31,0.963,,,,,,
9/27/2011,9/28/2011,PS4,GRB,,0,80,1.003592726,0.00733,1.010922726,0.489077274,1.157482882,17.5,1.5,3.55,,,,,,
12/8/2011,,PS5,GRB,59.6,1.63,35,,,1.42,,0.51,,,,3.05,.,<MQL,14,37,14.9
1/19/2012,,PS5,GRB,82.5,0.96,98,,,<MQL,,0.54,,,,.,0.82,0.14,18,40,11.9
7/8/2012,,PS5,GRB,39.2,0.69,1830,,,0.27,,1.18,,,,0.96,0.51,0.18,9,<MQL,10.7
6/25/2014,,PS5,GRB,14.6,0.63,123,,,<MQL,,0.58,,,,,,<MQL,9,11,10.2
1/14/2015,,PS5,GRB,15.2,0.46,140,,,0.46,,0.41,,,,,,0.17,5,<MQL,42.4
12/1/2010,12/3/2010,PS5,GRB,,0.118,200,0.191,0.017,0.208,0.165308119,0.570590153,231,0.507,1.75,,,,,,
1/26/2011,1/27/2011,PS5,GRB,,0.052,312,3.62,0.0581,3.6781,0.22791001,0.935767851,411,0.699,2.87,,,,,,
3/15/2011,3/16/2011,PS5,GRB,,0.685,33.33,0.594,0.015,0.609,0.231496576,0.50537985,63.3,0.71,1.55,,,,,,
6/28/2011,6/29/2011,PS5,GRB,,0.09,255,0.00121,0.0015,0.00271,0.156504728,1.235735246,114,0.48,3.79,,,,,,
7/5/2011,7/6/2011,PS5,GRB,,18.7,100,0.347,0.034,0.381,0.065210303,0.1398761,12.4,0.2,0.429,,,,,,
9/27/2011,9/28/2011,PS5,GRB,,0.0834,225,0.188705575,0,0.188705575,0.091294425,0.798826215,271,0.28,2.45,,,,,,
12/1/2010,12/3/2010,PS5,GRB FD,,0.124,300,0.415,0.022,0.437,0.192370395,0.440169547,184,0.59,1.35,,,,,,
3/15/2011,3/16/2011,PS5,GRB FD,,0.849,246.67,0.58611,0.00789,0.594,0.127160091,0.860776003,241,0.39,2.64,,,,,,
6/26/2012,,PS6,GRB,91.3,0.93,58,,,<MQL,,0.12,,,,.,.,<MQL,9,<MQL,9.5
7/8/2012,,PS6,GRB,44.4,1.35,3390,,,0.29,,2.17,,,,1.64,0.89,0.46,11,35,14.2
6/25/2014,,PS6,GRB,21.1,0.89,42,,,<MQL,,0.52,,,,,,<MQL,7,12,8.7
1/14/2015,,PS6,GRB,14.2,0.55,468,,,1.14,,0.48,,,,,,0.20,6,15,55.7
